"","model","mirt_dim","parameter","missing","bias_sq","var","mse","iw"
"1","mirt",3,"a",0,3.41787310924319e-05,0.000909466525847269,0.000943645256939701,1
"2","mirt",3,"d",0,2.70999267344337e-05,0.00103602876523462,0.00106312869196906,1
"3","mirt",3,"theta",0,0.136932666775863,0.198983983103966,0.335916649879828,1
"4","mirt",10,"a",0,5.74864589741847e-05,0.000350460540582993,0.000407946999557178,1
"5","mirt",10,"d",0,0.0003180205281196,0.00109830027635699,0.00141632080447659,1
"6","mirt",10,"theta",0,0.180921772228235,0.196748688887809,0.377670461116043,1
"7","mirt",3,"a",0.08333333,3.34993193651248e-05,0.00115905736013821,0.00119255667950334,1
"8","mirt",3,"d",0.08333333,3.0854978192007e-05,0.0013430243669102,0.00137387934510221,1
"9","mirt",3,"theta",0.08333333,0.167533503981812,0.208371126696456,0.375904630678268,1
"10","mirt",10,"a",0.08333333,3.42144013433432e-05,0.000437212653557107,0.00047142705490045,1
"11","mirt",10,"d",0.08333333,0.00104495797538362,0.00120805755956929,0.00225301553495291,1
"12","mirt",10,"theta",0.08333333,0.191569517692144,0.199239716942964,0.390809234635108,1
"13","mirt",3,"a",0.16666667,4.0200928262544e-05,0.00156033476798244,0.00160053569624498,1
"14","mirt",3,"d",0.16666667,3.97240092322816e-05,0.00163710189659563,0.00167682590582791,1
"15","mirt",3,"theta",0.16666667,0.204668636920528,0.217027080076439,0.421695716996966,1
"16","mirt",10,"a",0.16666667,3.57654450629867e-05,0.000579840866692478,0.000615606311755464,1
"17","mirt",10,"d",0.16666667,0.00103347674930434,0.00154993455918798,0.00258341130849231,1
"18","mirt",10,"theta",0.16666667,0.207130027752553,0.202388993274724,0.409519021027277,1
"19","mirt",3,"a",0.25,3.78157130742896e-05,0.0023278737591769,0.00236568947225119,1
"20","mirt",3,"d",0.25,3.9209413043388e-05,0.00217816193819661,0.00221737135124,1
"21","mirt",3,"theta",0.25,0.252583768700361,0.222159844266041,0.474743612966402,1
"22","mirt",10,"a",0.25,4.47595513980318e-05,0.00085063776337632,0.000895397314774352,1
"23","mirt",10,"d",0.25,0.000853407367499552,0.0019660560713119,0.00281946343881145,1
"24","mirt",10,"theta",0.25,0.230351984478102,0.204914345254962,0.435266329733065,1
"25","mirt",3,"a",0.33333333,0.000131521584617326,0.00380503051478761,0.00393655209940493,1
"26","mirt",3,"d",0.33333333,9.04033758216313e-05,0.00330653443322255,0.00339693780904418,1
"27","mirt",3,"theta",0.33333333,0.310901384789056,0.222459162828084,0.53336054761714,1
"28","mirt",10,"a",0.33333333,5.6617131967362e-05,0.00120405688184891,0.00126067401381627,1
"29","mirt",10,"d",0.33333333,0.00066453551365547,0.00274773148145753,0.003412266995113,1
"30","mirt",10,"theta",0.33333333,0.263558594121411,0.207684001882791,0.471242596004201,1
"31","mirt",3,"a",0.41666667,0.00017541733387248,0.00546382063157321,0.00563923796544569,1
"32","mirt",3,"d",0.41666667,0.000114297546036916,0.00406458023755892,0.00417887778359584,1
"33","mirt",3,"theta",0.41666667,0.384150307938981,0.217032944521263,0.601183252460243,1
"34","mirt",10,"a",0.41666667,8.9003484714225e-05,0.00188931775886498,0.00197832124357921,1
"35","mirt",10,"d",0.41666667,0.000571875508198663,0.00393596973992101,0.00450784524811967,1
"36","mirt",10,"theta",0.41666667,0.311237229456738,0.208899250132658,0.520136479589397,1
"37","mirt",3,"a",0.5,0.000361457147459978,0.00998116586647923,0.0103426230139392,1
"38","mirt",3,"d",0.5,0.000284675382250836,0.00674348579034667,0.0070281611725975,1
"39","mirt",3,"theta",0.5,0.469580670227191,0.203148777438738,0.672729447665929,1
"40","mirt",10,"a",0.5,0.000133418596782539,0.00329410995646317,0.00342752855324571,1
"41","mirt",10,"d",0.5,0.000450201997389181,0.00591102654547306,0.00636122854286224,1
"42","mirt",10,"theta",0.5,0.376456056816177,0.206842354584897,0.583298411401075,1
"43","mirt",3,"a",0.58333333,0.00133028439125299,0.0184269402639384,0.0197572246551914,1
"44","mirt",3,"d",0.58333333,0.00104416100361669,0.0106832597336722,0.0117274207372889,1
"45","mirt",3,"theta",0.58333333,0.57192609984456,0.176451948574641,0.748378048419201,1
"46","mirt",10,"a",0.58333333,0.000245253707230631,0.00648571176787727,0.0067309654751079,1
"47","mirt",10,"d",0.58333333,0.000574009800801292,0.00992406193760105,0.0104980717384023,1
"48","mirt",10,"theta",0.58333333,0.46479963414406,0.196596437809504,0.661396071953564,1
"49","mirt",3,"a",0.66666667,0.0164420143623454,0.03991855051117,0.0563605648735154,1
"50","mirt",3,"d",0.66666667,0.00927580290103141,0.0220405297510035,0.0313163326520349,1
"51","mirt",3,"theta",0.66666667,0.698397531387527,0.131416134129381,0.829813665516908,1
"52","mirt",10,"a",0.66666667,0.000753510474816488,0.0152634047527822,0.0160169152275987,1
"53","mirt",10,"d",0.66666667,0.000962817209738526,0.0199324426415608,0.0208952598512993,1
"54","mirt",10,"theta",0.66666667,0.580400730491292,0.172299561326741,0.752700291818033,1
"55","mirt",3,"a",0.75,0.0689704258014601,0.0859106651143621,0.154881090915822,1
"56","mirt",3,"d",0.75,0.0181586432733614,0.0341120025532658,0.0522706458266272,1
"57","mirt",3,"theta",0.75,0.83276542496045,0.0769971189363332,0.909762543896783,1
"58","mirt",10,"a",0.75,0.00344440017412099,0.0392646006742097,0.0427090008483307,1
"59","mirt",10,"d",0.75,0.00345899237917395,0.0454421159347007,0.0489011083138747,1
"60","mirt",10,"theta",0.75,0.722139077264392,0.127140583928573,0.849279661192965,1
"61","cvae",3,"a",0,0.152426483421058,0.00358818205688229,0.15601466547794,1
"62","cvae",3,"d",0,0.0554849414846757,0.000149490680773452,0.0556344321654491,1
"63","cvae",3,"theta",0,0.492684880945938,0.0147449668024665,0.507429847748404,1
"64","cvae",3,"a",0,0.059082491504113,0.00367077243948243,0.0627532639435954,5
"65","cvae",3,"d",0,0.0434817591198287,0.000161834800868423,0.0436435939206971,5
"66","cvae",3,"theta",0,0.361037204869743,0.0231807783030385,0.384217983172781,5
"67","cvae",3,"a",0,0.025646085250765,0.000120245401267564,0.0257663306520326,25
"68","cvae",3,"d",0,0.0334923569864426,0.000153847906713488,0.0336462048931561,25
"69","cvae",3,"theta",0,0.336322252996858,0.00826096529854721,0.344583218295405,25
"70","cvae",10,"a",0,0.0646899130146497,0.015777899635203,0.0804678126498527,1
"71","cvae",10,"d",0,0.166489873868786,0.00142605641635626,0.167915930285143,1
"72","cvae",10,"theta",0,0.377817792572698,0.116880886202011,0.494698678774709,1
"73","cvae",10,"a",0,0.0249293838412599,0.00163230828877201,0.0265616921300319,5
"74","cvae",10,"d",0,0.211892287416531,0.000307115019657538,0.212199402436188,5
"75","cvae",10,"theta",0,0.327852552006839,0.0206448303408392,0.348497382347678,5
"76","cvae",10,"a",0,0.0165323580259329,0.000147720159113982,0.0166800781850469,25
"77","cvae",10,"d",0,0.219273957946159,3.63282185888432e-05,0.219310286164748,25
"78","cvae",10,"theta",0,0.318364734290074,0.00924374797632525,0.3276084822664,25
"79","cvae",3,"a",0.08333333,0.18844171023537,0.010736904065643,0.199178614301013,1
"80","cvae",3,"d",0.08333333,0.0582108828079449,0.000264651980171535,0.0584755347881164,1
"81","cvae",3,"theta",0.08333333,0.529152624441963,0.0327613693821813,0.561913993824144,1
"82","cvae",3,"a",0.08333333,0.0705076398827533,0.00225073425991136,0.0727583741426647,5
"83","cvae",3,"d",0.08333333,0.0440445820131874,8.68365365029271e-05,0.0441314185496903,5
"84","cvae",3,"theta",0.08333333,0.399612689252894,0.019795300892639,0.419407990145533,5
"85","cvae",3,"a",0.08333333,0.0266143223028656,0.000233703059433851,0.0268480253622995,25
"86","cvae",3,"d",0.08333333,0.0337734747352735,0.000135321394290389,0.0339087961295639,25
"87","cvae",3,"theta",0.08333333,0.361290199013194,0.00887055287183785,0.370160751885032,25
"88","cvae",10,"a",0.08333333,0.0646903978334936,0.0106251730986578,0.0753155709321514,1
"89","cvae",10,"d",0.08333333,0.15633136619753,0.00110732173574235,0.157438687933273,1
"90","cvae",10,"theta",0.08333333,0.395808820698174,0.0835723354135476,0.479381156111721,1
"91","cvae",10,"a",0.08333333,0.0279690230822014,0.00283384800464079,0.0308028710868422,5
"92","cvae",10,"d",0.08333333,0.199779668635824,0.000345439708790308,0.200125108344615,5
"93","cvae",10,"theta",0.08333333,0.344902857578987,0.0261669462522324,0.371069803831219,5
"94","cvae",10,"a",0.08333333,0.0178866332453407,0.000472577410026159,0.0183592106553669,25
"95","cvae",10,"d",0.08333333,0.211389299131565,4.42862808079382e-05,0.211433585412373,25
"96","cvae",10,"theta",0.08333333,0.332984529184073,0.0110285653868417,0.344013094570915,25
"97","cvae",3,"a",0.16666667,0.215132918032471,0.0136791688189769,0.228812086851448,1
"98","cvae",3,"d",0.16666667,0.0677791103544129,0.000489977447035823,0.0682690878014487,1
"99","cvae",3,"theta",0.16666667,0.552103722768509,0.038707629594203,0.590811352362712,1
"100","cvae",3,"a",0.16666667,0.0892644171919591,0.0017710225468408,0.0910354397387999,5
"101","cvae",3,"d",0.16666667,0.0500521413595071,7.68354801021209e-05,0.0501289768396092,5
"102","cvae",3,"theta",0.16666667,0.451486062934296,0.0176260658593673,0.469112128793663,5
"103","cvae",3,"a",0.16666667,0.0312109163403857,0.000626849048408613,0.0318377653887944,25
"104","cvae",3,"d",0.16666667,0.0398262784407588,0.000151953884244753,0.0399782323250035,25
"105","cvae",3,"theta",0.16666667,0.381562188644735,0.0101752540204152,0.39173744266515,25
"106","cvae",10,"a",0.16666667,0.0787554618343189,0.0133565350949357,0.0921119969292546,1
"107","cvae",10,"d",0.16666667,0.147392221144026,0.00057677146951921,0.147968992613545,1
"108","cvae",10,"theta",0.16666667,0.428835524681469,0.106162105329778,0.534997630011247,1
"109","cvae",10,"a",0.16666667,0.0323414839167825,0.00486274510495849,0.037204229021741,5
"110","cvae",10,"d",0.16666667,0.187240437716289,0.000369574777512175,0.187610012493801,5
"111","cvae",10,"theta",0.16666667,0.365872112091229,0.0365102382108705,0.4023823503021,5
"112","cvae",10,"a",0.16666667,0.0190708660766751,0.000613557935151809,0.0196844240118269,25
"113","cvae",10,"d",0.16666667,0.201562521096227,5.75923127776158e-05,0.201620113409005,25
"114","cvae",10,"theta",0.16666667,0.34916829600652,0.0128144272923616,0.361982723298882,25
"115","cvae",3,"a",0.25,0.285292138962344,0.0139914156215793,0.299283554583923,1
"116","cvae",3,"d",0.25,0.0798173419925162,0.000468719347420698,0.0802860613399368,1
"117","cvae",3,"theta",0.25,0.627751005174343,0.043198534556276,0.670949539730619,1
"118","cvae",3,"a",0.25,0.110844211925518,0.00148829813257495,0.112332510058093,5
"119","cvae",3,"d",0.25,0.0563870908396946,8.45266483555941e-05,0.0564716174880502,5
"120","cvae",3,"theta",0.25,0.504849296427436,0.0162899946893542,0.52113929111679,5
"121","cvae",3,"a",0.25,0.0379931815697379,0.00212180680501714,0.040114988374755,25
"122","cvae",3,"d",0.25,0.0453815563639765,0.000160529884310207,0.0455420862482867,25
"123","cvae",3,"theta",0.25,0.409841155208663,0.0144287403189554,0.424269895527619,25
"124","cvae",10,"a",0.25,0.100588036319002,0.0142542611869074,0.11484229750591,1
"125","cvae",10,"d",0.25,0.134192146490079,0.000348713316450384,0.134540859806529,1
"126","cvae",10,"theta",0.25,0.47458294162479,0.116597361298144,0.591180302922934,1
"127","cvae",10,"a",0.25,0.0374175899010251,0.00434055667818659,0.0417581465792117,5
"128","cvae",10,"d",0.25,0.169103808377975,0.0003773836472646,0.16948119202524,5
"129","cvae",10,"theta",0.25,0.392470791532681,0.0349086125277761,0.427379404060457,5
"130","cvae",10,"a",0.25,0.0212961093194621,0.000881142987064116,0.0221772523065262,25
"131","cvae",10,"d",0.25,0.185990974518759,7.47996992447894e-05,0.186065774218004,25
"132","cvae",10,"theta",0.25,0.370024376518547,0.0137860999795929,0.38381047649814,25
"133","cvae",3,"a",0.33333333,0.361159600412204,0.0173161224347408,0.378475722846944,1
"134","cvae",3,"d",0.33333333,0.0895879348973164,0.000448214398009594,0.090036149295326,1
"135","cvae",3,"theta",0.33333333,0.700709507582888,0.0542694842213972,0.754978991804285,1
"136","cvae",3,"a",0.33333333,0.127231933086094,0.00387132061471192,0.131103253700806,5
"137","cvae",3,"d",0.33333333,0.0615727389250815,0.000145710586960115,0.0617184495120416,5
"138","cvae",3,"theta",0.33333333,0.544212913356165,0.0189225569864484,0.563135470342614,5
"139","cvae",3,"a",0.33333333,0.046129601268717,0.00135181235714137,0.0474814136258583,25
"140","cvae",3,"d",0.33333333,0.0503638965072435,8.85616228545305e-05,0.050452458130098,25
"141","cvae",3,"theta",0.33333333,0.439406929937545,0.013821781017214,0.453228710954759,25
"142","cvae",10,"a",0.33333333,0.14410509593725,0.0144152258176539,0.158520321754903,1
"143","cvae",10,"d",0.33333333,0.13841882127042,0.000308185212649635,0.13872700648307,1
"144","cvae",10,"theta",0.33333333,0.544263474748541,0.132650630183026,0.676914104931566,1
"145","cvae",10,"a",0.33333333,0.0426585092521362,0.00581475283965207,0.0484732620917883,5
"146","cvae",10,"d",0.33333333,0.157379756557821,0.000420845254247382,0.157800601812069,5
"147","cvae",10,"theta",0.33333333,0.414538316271265,0.0406257057700624,0.455164022041327,5
"148","cvae",10,"a",0.33333333,0.0230161141451054,0.00111996427743154,0.0241360784225369,25
"149","cvae",10,"d",0.33333333,0.176648167720548,0.000101887461139071,0.176750055181687,25
"150","cvae",10,"theta",0.33333333,0.390244904724735,0.0155163462978065,0.405761251022542,25
"151","cvae",3,"a",0.41666667,0.48370022698675,0.0138957557847105,0.497595982771461,1
"152","cvae",3,"d",0.41666667,0.0978424060936393,0.00017568700139174,0.098018093095031,1
"153","cvae",3,"theta",0.41666667,0.802177215243808,0.0518685743335491,0.854045789577357,1
"154","cvae",3,"a",0.41666667,0.147795574882233,0.00481571661741406,0.152611291499647,5
"155","cvae",3,"d",0.41666667,0.0651767621131181,0.000143447990985396,0.0653202101041035,5
"156","cvae",3,"theta",0.41666667,0.579604376056984,0.0211586121305856,0.60076298818757,5
"157","cvae",3,"a",0.41666667,0.0772260266794848,0.00149855904006678,0.0787245857195516,25
"158","cvae",3,"d",0.41666667,0.0556825319465647,4.65349733259464e-05,0.0557290669198906,25
"159","cvae",3,"theta",0.41666667,0.505660087722277,0.0157665963066126,0.52142668402889,25
"160","cvae",10,"a",0.41666667,0.216133759270066,0.00999568304700557,0.226129442317071,1
"161","cvae",10,"d",0.41666667,0.146933617983839,0.000202605663401142,0.14713622364724,1
"162","cvae",10,"theta",0.41666667,0.685998771236881,0.114608850239795,0.800607621476676,1
"163","cvae",10,"a",0.41666667,0.0511379209230599,0.00700814429550126,0.0581460652185611,5
"164","cvae",10,"d",0.41666667,0.146910322475284,0.000288161905589986,0.147198484380874,5
"165","cvae",10,"theta",0.41666667,0.446577682192244,0.0452179105045193,0.491795592696763,5
"166","cvae",10,"a",0.41666667,0.0266688913570083,0.0021525220189542,0.0288214133759625,25
"167","cvae",10,"d",0.41666667,0.164096619212962,0.000173017309578099,0.16426963652254,25
"168","cvae",10,"theta",0.41666667,0.416873226016553,0.0194906480754042,0.436363874091958,25
"169","cvae",3,"a",0.5,0.581392607927544,0.00399293243758696,0.585385540365131,1
"170","cvae",3,"d",0.5,0.10845297911815,9.0617177991529e-06,0.108462040835949,1
"171","cvae",3,"theta",0.5,0.915633931968051,0.0217118749947178,0.937345806962769,1
"172","cvae",3,"a",0.5,0.174673974322093,0.00755422335682672,0.18222819767892,5
"173","cvae",3,"d",0.5,0.0793797063810352,0.000227645893332598,0.0796073522743678,5
"174","cvae",3,"theta",0.5,0.61528642069656,0.0250363184942403,0.6403227391908,5
"175","cvae",3,"a",0.5,0.0899696669331908,0.00127183769110646,0.0912415046242973,25
"176","cvae",3,"d",0.5,0.0653103550949619,3.82942677421032e-05,0.065348649362704,25
"177","cvae",3,"theta",0.5,0.555287455147889,0.0157130576738459,0.571000512821735,25
"178","cvae",10,"a",0.5,0.29044210438527,0.00194459757752849,0.292386701962798,1
"179","cvae",10,"d",0.5,0.154292050859682,2.62143396856556e-05,0.154318265199367,1
"180","cvae",10,"theta",0.5,0.920558129420357,0.0289043650497786,0.949462494470135,1
"181","cvae",10,"a",0.5,0.066474727255505,0.00805657402777188,0.0745313012832769,5
"182","cvae",10,"d",0.5,0.13949887757591,0.000215714287659451,0.13971459186357,5
"183","cvae",10,"theta",0.5,0.491318336922367,0.0506382538138971,0.541956590736264,5
"184","cvae",10,"a",0.5,0.0324158432860856,0.00261613375804755,0.0350319770441331,25
"185","cvae",10,"d",0.5,0.153855393541575,0.000147532303573728,0.154002925845149,25
"186","cvae",10,"theta",0.5,0.451056767453153,0.0215671896386448,0.472623957091798,25
"187","cvae",3,"a",0.58333333,0.623954308397482,0.000917760624069207,0.624872069021551,1
"188","cvae",3,"d",0.58333333,0.104955929018189,7.99008817222114e-07,0.104956728027007,1
"189","cvae",3,"theta",0.58333333,0.977676820511201,0.00743646153732937,0.98511328204853,1
"190","cvae",3,"a",0.58333333,0.225212349289079,0.00817895971826903,0.233391309007348,5
"191","cvae",3,"d",0.58333333,0.0822898344657744,0.000217507581711036,0.0825073420474854,5
"192","cvae",3,"theta",0.58333333,0.680245556242966,0.0274876660245829,0.707733222267549,5
"193","cvae",3,"a",0.58333333,0.110645702138933,0.00107531751549922,0.111721019654432,25
"194","cvae",3,"d",0.58333333,0.065725657256766,3.30476023769298e-05,0.065758704859143,25
"195","cvae",3,"theta",0.58333333,0.619420808109538,0.0156993096929191,0.635120117802457,25
"196","cvae",10,"a",0.58333333,0.307955269062795,0.000256320212518021,0.308211589275313,1
"197","cvae",10,"d",0.58333333,0.159041750576309,6.75639735657669e-07,0.159042426216045,1
"198","cvae",10,"theta",0.58333333,0.988727688911173,0.00560019286041502,0.994327881771588,1
"199","cvae",10,"a",0.58333333,0.0849423900035832,0.00840857426079932,0.0933509642643826,5
"200","cvae",10,"d",0.58333333,0.13727303386087,0.000119064661605486,0.137392098522476,5
"201","cvae",10,"theta",0.58333333,0.534492615911831,0.053165211188799,0.58765782710063,5
"202","cvae",10,"a",0.58333333,0.0389818703563767,0.0038576692362677,0.0428395395926444,25
"203","cvae",10,"d",0.58333333,0.144209493800693,0.0001279632685212,0.144337457069214,25
"204","cvae",10,"theta",0.58333333,0.488250023558879,0.025565032441536,0.513815056000415,25
"205","cvae",3,"a",0.66666667,0.633904011325857,0.0006743193511568,0.634578330677014,1
"206","cvae",3,"d",0.66666667,0.11342914285684,5.06411695761316e-07,0.113429649268536,1
"207","cvae",3,"theta",0.66666667,0.991969279653028,0.00629843298106643,0.998267712634095,1
"208","cvae",3,"a",0.66666667,0.357387813952991,0.0100893400742264,0.367477154027217,5
"209","cvae",3,"d",0.66666667,0.104419346709103,0.000129891490793384,0.104549238199896,5
"210","cvae",3,"theta",0.66666667,0.774327956572367,0.0316925412069395,0.806020497779306,5
"211","cvae",3,"a",0.66666667,0.154956298722092,0.00302933661945969,0.157985635341551,25
"212","cvae",3,"d",0.66666667,0.0810549687175533,9.59639436812853e-05,0.0811509326612346,25
"213","cvae",3,"theta",0.66666667,0.678973985414588,0.0180622222088644,0.697036207623452,25
"214","cvae",10,"a",0.66666667,0.309700851148989,0.000262270451562673,0.309963121600552,1
"215","cvae",10,"d",0.66666667,0.16614852250471,8.12410172943667e-07,0.166149334914883,1
"216","cvae",10,"theta",0.66666667,0.994449840496497,0.00541605777591021,0.999865898272407,1
"217","cvae",10,"a",0.66666667,0.122268145197124,0.00738987810321529,0.129658023300339,5
"218","cvae",10,"d",0.66666667,0.147986203760042,0.00010773305993605,0.148093936819978,5
"219","cvae",10,"theta",0.66666667,0.615732690789594,0.0508062215877116,0.666538912377306,5
"220","cvae",10,"a",0.66666667,0.0512980400442792,0.00411070089578719,0.0554087409400664,25
"221","cvae",10,"d",0.66666667,0.142918769751287,8.17066295642388e-05,0.143000476380851,25
"222","cvae",10,"theta",0.66666667,0.544948697054128,0.0263414445709153,0.571290141625043,25
"223","cvae",3,"a",0.75,0.63784130810932,0.000753564237043111,0.638594872346363,1
"224","cvae",3,"d",0.75,0.12080318597893,6.69924659275825e-07,0.120803855903589,1
"225","cvae",3,"theta",0.75,0.995217576115688,0.00597941374149474,1.00119698985718,1
"226","cvae",3,"a",0.75,0.515381670610447,0.00541800253517834,0.520799673145626,5
"227","cvae",3,"d",0.75,0.119593906484018,9.77181461042063e-06,0.119603678298629,5
"228","cvae",3,"theta",0.75,0.894624549266174,0.0274692475642039,0.922093796830378,5
"229","cvae",3,"a",0.75,0.20393739078865,0.0062176885806047,0.210155079369255,25
"230","cvae",3,"d",0.75,0.101454732575857,0.000100730408351914,0.101555462984209,25
"231","cvae",3,"theta",0.75,0.749218929355302,0.0224427615276189,0.771661690882921,25
"232","cvae",10,"a",0.75,0.310037181270958,0.000306384654034647,0.310343565924993,1
"233","cvae",10,"d",0.75,0.171279701442345,1.09658239106038e-06,0.171280798024736,1
"234","cvae",10,"theta",0.75,0.99589405711952,0.00524039617405483,1.00113445329357,1
"235","cvae",10,"a",0.75,0.193240221792007,0.00510405905257213,0.198344280844579,5
"236","cvae",10,"d",0.75,0.165316835373745,4.82286848377026e-05,0.165365064058583,5
"237","cvae",10,"theta",0.75,0.749657754866192,0.0419033377757975,0.79156109264199,5
"238","cvae",10,"a",0.75,0.0770420235205334,0.00590864245129913,0.0829506659718325,25
"239","cvae",10,"d",0.75,0.14950353804941,6.9037595869575e-05,0.14957257564528,25
"240","cvae",10,"theta",0.75,0.620142175425854,0.0316461563561949,0.651788331782049,25
"241","pvae",3,"a",0,0.433221047738916,0.00709960988612461,0.440320657625041,1
"242","pvae",3,"d",0,0.0827718633965084,0.000546273555648555,0.083318136952157,1
"243","pvae",3,"theta",0,0.742633035005944,0.0618575708626891,0.804490605868634,1
"244","pvae",3,"a",0,0.132618276886216,0.000462686032731758,0.133080962918947,5
"245","pvae",3,"d",0,0.0491437514160298,5.24370987340882e-05,0.0491961885147639,5
"246","pvae",3,"theta",0,0.489738859509613,0.0163434154667418,0.506082274976355,5
"247","pvae",3,"a",0,0.0353990281933764,0.000163147616443721,0.0355621758098201,25
"248","pvae",3,"d",0,0.0370566869478378,9.68998795597441e-05,0.0371535868273975,25
"249","pvae",3,"theta",0,0.341832961891453,0.00993580991718623,0.351768771808639,25
"250","pvae",10,"a",0,0.268039462747475,0.0039111248687638,0.271950587616239,1
"251","pvae",10,"d",0,0.145119216584295,0.000137073680801118,0.145256290265096,1
"252","pvae",10,"theta",0,0.81113506194076,0.11131607498922,0.92245113692998,1
"253","pvae",10,"a",0,0.102415710004071,0.00244746120870845,0.104863171212779,5
"254","pvae",10,"d",0,0.165816017281356,0.000158640850901344,0.165974658132257,5
"255","pvae",10,"theta",0,0.485897688718585,0.0654226984429467,0.551320387161532,5
"256","pvae",10,"a",0,0.0559493375131235,0.000881885582719833,0.0568312230958433,25
"257","pvae",10,"d",0,0.19660988543507,8.43576085595061e-05,0.196694243043629,25
"258","pvae",10,"theta",0,0.393903829384525,0.0296802707815921,0.423584100166117,25
"259","pvae",3,"a",0.08333333,0.484310679759743,0.00963381045381797,0.493944490213561,1
"260","pvae",3,"d",0.08333333,0.0860574539865958,0.000371447910932558,0.0864289018975284,1
"261","pvae",3,"theta",0.08333333,0.774133985426931,0.074990979892838,0.849124965319769,1
"262","pvae",3,"a",0.08333333,0.133693097496704,0.000447548921788177,0.134140646418492,5
"263","pvae",3,"d",0.08333333,0.0485313441418985,4.71406433093024e-05,0.0485784847852078,5
"264","pvae",3,"theta",0.08333333,0.507470870956379,0.017827662077688,0.525298533034067,5
"265","pvae",3,"a",0.08333333,0.0376168486755836,0.000519603693577771,0.0381364523691613,25
"266","pvae",3,"d",0.08333333,0.0374286486880339,0.000137772033449092,0.037566420721483,25
"267","pvae",3,"theta",0.08333333,0.368830846899398,0.0109315643988221,0.37976241129822,25
"268","pvae",10,"a",0.08333333,0.282982258958585,0.00218819707889248,0.285170456037478,1
"269","pvae",10,"d",0.08333333,0.151579623851274,5.64499879701181e-05,0.151636073839244,1
"270","pvae",10,"theta",0.08333333,0.879554963835996,0.0652154482555035,0.9447704120915,1
"271","pvae",10,"a",0.08333333,0.106087085011676,0.00302229371969867,0.109109378731374,5
"272","pvae",10,"d",0.08333333,0.163942314852281,0.000169105966168379,0.16411142081845,5
"273","pvae",10,"theta",0.08333333,0.498703743953892,0.0679315504116199,0.566635294365512,5
"274","pvae",10,"a",0.08333333,0.0573326505861687,0.000753388049542806,0.0580860386357115,25
"275","pvae",10,"d",0.08333333,0.192320211776275,8.49577807026467e-05,0.192405169556978,25
"276","pvae",10,"theta",0.08333333,0.410366046288311,0.0281212335267089,0.43848727981502,25
"277","pvae",3,"a",0.16666667,0.585728473442898,0.00520504048444232,0.59093351392734,1
"278","pvae",3,"d",0.16666667,0.0976137018965572,2.73593405740055e-05,0.0976410612371312,1
"279","pvae",3,"theta",0.16666667,0.894066541586112,0.0504420734445246,0.944508615030637,1
"280","pvae",3,"a",0.16666667,0.137433365344088,0.00100522458667392,0.138438589930762,5
"281","pvae",3,"d",0.16666667,0.054147399797806,7.17792535534682e-05,0.0542191790513595,5
"282","pvae",3,"theta",0.16666667,0.521947501559415,0.0185342356591329,0.540481737218548,5
"283","pvae",3,"a",0.16666667,0.0448506151787639,0.000971476246011393,0.0458220914247753,25
"284","pvae",3,"d",0.16666667,0.0434621710144562,0.000107586351388601,0.0435697573658448,25
"285","pvae",3,"theta",0.16666667,0.39439800628141,0.012600862138206,0.406998868419616,25
"286","pvae",10,"a",0.16666667,0.30477289191651,0.00058673525160233,0.305359627168112,1
"287","pvae",10,"d",0.16666667,0.156820919068819,1.20862921439058e-05,0.156833005360963,1
"288","pvae",10,"theta",0.16666667,0.973153131052178,0.0174661865353107,0.990619317587489,1
"289","pvae",10,"a",0.16666667,0.107087647486795,0.00247974113771157,0.109567388624506,5
"290","pvae",10,"d",0.16666667,0.159858181488889,0.00016646619898227,0.160024647687871,5
"291","pvae",10,"theta",0.16666667,0.509823430125893,0.0636231895658992,0.573446619691793,5
"292","pvae",10,"a",0.16666667,0.0576825650407548,0.000769752106234462,0.0584523171469893,25
"293","pvae",10,"d",0.16666667,0.187815005181198,0.000116416591774037,0.187931421772972,25
"294","pvae",10,"theta",0.16666667,0.420972517186659,0.0274158589199709,0.44838837610663,25
"295","pvae",3,"a",0.25,0.630354118766293,0.00133381426737792,0.63168793303367,1
"296","pvae",3,"d",0.25,0.102496139417636,1.03998999238073e-05,0.10250653931756,1
"297","pvae",3,"theta",0.25,0.979887379756313,0.0109502438513225,0.990837623607636,1
"298","pvae",3,"a",0.25,0.154027904979167,0.00151315241574494,0.155541057394912,5
"299","pvae",3,"d",0.25,0.0613382498267534,8.01599686751585e-05,0.0614184097954285,5
"300","pvae",3,"theta",0.25,0.54647530861214,0.0210707896878531,0.567546098299993,5
"301","pvae",3,"a",0.25,0.0490657624780096,0.000703272773778526,0.0497690352517881,25
"302","pvae",3,"d",0.25,0.0482205518259979,7.85541011213132e-05,0.0482991059271192,25
"303","pvae",3,"theta",0.25,0.420885755026974,0.0122587456480913,0.433144500675066,25
"304","pvae",10,"a",0.25,0.309530171123957,0.000199352311857594,0.309729523435814,1
"305","pvae",10,"d",0.25,0.152789854151172,3.93514877412801e-07,0.15279024766605,1
"306","pvae",10,"theta",0.25,0.993158773037999,0.00745411112472437,1.00061288416272,1
"307","pvae",10,"a",0.25,0.114989640754878,0.00377641313572372,0.118766053890601,5
"308","pvae",10,"d",0.25,0.152609379133665,0.000174306861878256,0.152783685995543,5
"309","pvae",10,"theta",0.25,0.533859499299749,0.0647847514427293,0.598644250742478,5
"310","pvae",10,"a",0.25,0.0593405132267045,0.00128105203879871,0.0606215652655032,25
"311","pvae",10,"d",0.25,0.176563109783327,9.97047994748695e-05,0.176662814582801,25
"312","pvae",10,"theta",0.25,0.438328887562603,0.0283651067867231,0.466693994349326,25
"313","pvae",3,"a",0.33333333,0.637353047926601,0.000443650726935974,0.637796698653537,1
"314","pvae",3,"d",0.33333333,0.103756464119551,1.64376768385068e-07,0.103756628496319,1
"315","pvae",3,"theta",0.33333333,0.994702521757032,0.00484078932689545,0.999543311083928,1
"316","pvae",3,"a",0.33333333,0.168220519043752,0.00327404266345908,0.171494561707211,5
"317","pvae",3,"d",0.33333333,0.0661236304642872,0.000110645626795084,0.0662342760910823,5
"318","pvae",3,"theta",0.33333333,0.574898331375418,0.0216961269533264,0.596594458328744,5
"319","pvae",3,"a",0.33333333,0.0681403649201118,0.00274647446653478,0.0708868393866466,25
"320","pvae",3,"d",0.33333333,0.0536580411009397,8.0578564855557e-05,0.0537386196657953,25
"321","pvae",3,"theta",0.33333333,0.468867006913969,0.0184846362891678,0.487351643203137,25
"322","pvae",10,"a",0.33333333,0.310126805902071,0.000173310788079435,0.31030011669015,1
"323","pvae",10,"d",0.33333333,0.156384637503255,2.22398958313545e-07,0.156384859902213,1
"324","pvae",10,"theta",0.33333333,0.996133888947898,0.00583330574269492,1.00196719469059,1
"325","pvae",10,"a",0.33333333,0.120937445868801,0.00333745201014536,0.124274897878946,5
"326","pvae",10,"d",0.33333333,0.150869492489203,0.000174635123588472,0.151044127612792,5
"327","pvae",10,"theta",0.33333333,0.560794600567016,0.0575020312976822,0.618296631864699,5
"328","pvae",10,"a",0.33333333,0.0623943586486103,0.00194998775504146,0.0643443464036518,25
"329","pvae",10,"d",0.33333333,0.172100472225004,0.000120434412010143,0.172220906637014,25
"330","pvae",10,"theta",0.33333333,0.458756649852518,0.0288845694900568,0.487641219342575,25
"331","pvae",3,"a",0.41666667,0.63994621116158,0.000467752546504402,0.640413963708084,1
"332","pvae",3,"d",0.41666667,0.102228424169983,2.25743381406461e-07,0.102228649913364,1
"333","pvae",3,"theta",0.41666667,0.995521818956434,0.00477956714569426,1.00030138610213,1
"334","pvae",3,"a",0.41666667,0.189077581670732,0.00416096063685346,0.193238542307585,5
"335","pvae",3,"d",0.41666667,0.0698257605365087,0.000151310631220525,0.0699770711677292,5
"336","pvae",3,"theta",0.41666667,0.60981390779145,0.022989071964013,0.632802979755463,5
"337","pvae",3,"a",0.41666667,0.0888910587575718,0.00130616287100051,0.0901972216285723,25
"338","pvae",3,"d",0.41666667,0.056537814540263,2.49728658277928e-05,0.0565627874060908,25
"339","pvae",3,"theta",0.41666667,0.524584496152492,0.015943357440745,0.540527853593238,25
"340","pvae",10,"a",0.41666667,0.310322945217833,0.000184210992000465,0.310507156209834,1
"341","pvae",10,"d",0.41666667,0.155817623755568,2.79728936348839e-07,0.155817903484505,1
"342","pvae",10,"theta",0.41666667,0.996297173482289,0.00566990079455424,1.00196707427684,1
"343","pvae",10,"a",0.41666667,0.128320813140815,0.00460679246818348,0.132927605608999,5
"344","pvae",10,"d",0.41666667,0.147812242007081,0.000178835134115891,0.147991077141197,5
"345","pvae",10,"theta",0.41666667,0.580176305692893,0.0590264534372881,0.639202759130181,5
"346","pvae",10,"a",0.41666667,0.063495880115287,0.00166889521629253,0.0651647753315795,25
"347","pvae",10,"d",0.41666667,0.164696634102495,0.00011291069727962,0.164809544799774,25
"348","pvae",10,"theta",0.41666667,0.481769575742198,0.0254456810005452,0.507215256742744,25
"349","pvae",3,"a",0.5,0.638792782998454,0.000486119756107296,0.639278902754562,1
"350","pvae",3,"d",0.5,0.109084982995176,2.72199155869491e-07,0.109085255194332,1
"351","pvae",3,"theta",0.5,0.996327369098387,0.00600830205983104,1.00233567115822,1
"352","pvae",3,"a",0.5,0.224089389396808,0.00638784352037124,0.230477232917179,5
"353","pvae",3,"d",0.5,0.0826572279842028,0.000140534891009243,0.0827977628752121,5
"354","pvae",3,"theta",0.5,0.661667855491901,0.0256526245305376,0.687320480022439,5
"355","pvae",3,"a",0.5,0.0975575593243303,0.00120239003748765,0.0987599493618179,25
"356","pvae",3,"d",0.5,0.0658964488925461,2.82677883739736e-05,0.0659247166809201,25
"357","pvae",3,"theta",0.5,0.567484052365212,0.016187639745328,0.58367169211054,25
"358","pvae",10,"a",0.5,0.310130734862633,0.000203968842878609,0.310334703705511,1
"359","pvae",10,"d",0.5,0.155497556699126,3.77637577577706e-07,0.155497934336703,1
"360","pvae",10,"theta",0.5,0.996431410375943,0.00560431250683103,1.00203572288277,1
"361","pvae",10,"a",0.5,0.141235699247621,0.00510218509854824,0.146337884346169,5
"362","pvae",10,"d",0.5,0.145310639279548,0.000113918809492615,0.14542455808904,5
"363","pvae",10,"theta",0.5,0.62197887184604,0.0541270570410217,0.676105928887062,5
"364","pvae",10,"a",0.5,0.065769810493552,0.002377925835871,0.068147736329423,25
"365","pvae",10,"d",0.5,0.156614908667123,0.000120948774329302,0.156735857441453,25
"366","pvae",10,"theta",0.5,0.507291277009141,0.0247232309424877,0.532014507951628,25
"367","pvae",3,"a",0.58333333,0.639031249252104,0.000554930053918009,0.639586179306022,1
"368","pvae",3,"d",0.58333333,0.105057080775131,3.57250780028803e-07,0.105057438025912,1
"369","pvae",3,"theta",0.58333333,0.996975149072223,0.00635407150454064,1.00332922057676,1
"370","pvae",3,"a",0.58333333,0.255537950425415,0.00445961915165621,0.259997569577072,5
"371","pvae",3,"d",0.58333333,0.0849588820606557,0.000114994211842704,0.0850738762724984,5
"372","pvae",3,"theta",0.58333333,0.710411394620644,0.0244634394817886,0.734874834102433,5
"373","pvae",3,"a",0.58333333,0.113738699737439,0.00103216744362512,0.114770867181064,25
"374","pvae",3,"d",0.58333333,0.0654322035330294,3.51121996658346e-05,0.0654673157326952,25
"375","pvae",3,"theta",0.58333333,0.625150368535988,0.0157818923213286,0.640932260857317,25
"376","pvae",10,"a",0.58333333,0.31037279704425,0.000227573712329804,0.31060037075658,1
"377","pvae",10,"d",0.58333333,0.159026357704305,5.11739895493194e-07,0.1590268694442,1
"378","pvae",10,"theta",0.58333333,0.996225199971906,0.00643725115836784,1.00266245113027,1
"379","pvae",10,"a",0.58333333,0.152354253651321,0.00493443408624003,0.157288687737561,5
"380","pvae",10,"d",0.58333333,0.14679430832659,0.000100302061722273,0.146894610388312,5
"381","pvae",10,"theta",0.58333333,0.66301401565733,0.0439926951274279,0.707006710784758,5
"382","pvae",10,"a",0.58333333,0.0689376115140233,0.00287257129492618,0.0718101828089495,25
"383","pvae",10,"d",0.58333333,0.148709879307697,0.000115395455228168,0.148825274762926,25
"384","pvae",10,"theta",0.58333333,0.539819472610344,0.0245851416484851,0.564404614258829,25
"385","pvae",3,"a",0.66666667,0.638989929288641,0.000667675606169496,0.63965760489481,1
"386","pvae",3,"d",0.66666667,0.113445469390317,5.46173762678926e-07,0.113446015564079,1
"387","pvae",3,"theta",0.66666667,0.997126918577268,0.0045058456617297,1.001632764239,1
"388","pvae",3,"a",0.66666667,0.376344602717239,0.0064194532251626,0.382764055942401,5
"389","pvae",3,"d",0.66666667,0.106040823881168,9.24068740386138e-05,0.106133230755207,5
"390","pvae",3,"theta",0.66666667,0.788618132556371,0.0275788295573169,0.816196962113688,5
"391","pvae",3,"a",0.66666667,0.14600500015483,0.00246015597898351,0.148465156133813,25
"392","pvae",3,"d",0.66666667,0.0789435105799947,7.09031756721251e-05,0.0790144137556669,25
"393","pvae",3,"theta",0.66666667,0.675105055632458,0.0175108315098332,0.692615887142291,25
"394","pvae",10,"a",0.66666667,0.310401026795274,0.000255281174800806,0.310656307970075,1
"395","pvae",10,"d",0.66666667,0.166119759071807,7.44676168728375e-07,0.166120503747976,1
"396","pvae",10,"theta",0.66666667,0.996680655191312,0.00561853702442924,1.00229919221574,1
"397","pvae",10,"a",0.66666667,0.169178803126231,0.00477523072873048,0.173954033854962,5
"398","pvae",10,"d",0.66666667,0.15536081112829,8.53519464046449e-05,0.155446163074695,5
"399","pvae",10,"theta",0.66666667,0.710785071524292,0.0386543348801253,0.749439406404417,5
"400","pvae",10,"a",0.66666667,0.072802032114986,0.00421276181195433,0.0770147939269404,25
"401","pvae",10,"d",0.66666667,0.147378814736105,0.000103837029103604,0.147482651765209,25
"402","pvae",10,"theta",0.66666667,0.580341639203106,0.0273702433855927,0.607711882588699,25
"403","pvae",3,"a",0.75,0.637589452183436,0.000762075283152294,0.638351527466589,1
"404","pvae",3,"d",0.75,0.120852111034864,7.77706052241834e-07,0.120852888740916,1
"405","pvae",3,"theta",0.75,0.997522338489868,0.00549028580961359,1.00301262429948,1
"406","pvae",3,"a",0.75,0.506247203136567,0.0048140342032438,0.51106123733981,5
"407","pvae",3,"d",0.75,0.119357191121658,1.04133594897392e-05,0.119367604481148,5
"408","pvae",3,"theta",0.75,0.892360631231436,0.0260518337895232,0.918412465020959,5
"409","pvae",3,"a",0.75,0.181729400228649,0.0058042372433515,0.187533637472,25
"410","pvae",3,"d",0.75,0.0984162212646625,8.33424855843796e-05,0.0984995637502469,25
"411","pvae",3,"theta",0.75,0.741229385913651,0.021120373778364,0.762349759692015,25
"412","pvae",10,"a",0.75,0.310197400661771,0.000293493728036252,0.310490894389807,1
"413","pvae",10,"d",0.75,0.171275662359383,1.10929238636323e-06,0.171276771651769,1
"414","pvae",10,"theta",0.75,0.99660537328765,0.00629448787954651,1.0028998611672,1
"415","pvae",10,"a",0.75,0.205708707221901,0.00443881184838361,0.210147519070284,5
"416","pvae",10,"d",0.75,0.166222927156976,3.83565021196371e-05,0.166261283659095,5
"417","pvae",10,"theta",0.75,0.785247265645654,0.0361531174021884,0.821400383047842,5
"418","pvae",10,"a",0.75,0.0825593703686709,0.00551426704320793,0.0880736374118788,25
"419","pvae",10,"d",0.75,0.150918544158178,8.04280648282725e-05,0.150998972223006,25
"420","pvae",10,"theta",0.75,0.634906074899851,0.0297766946505546,0.664682769550406,25
"421","ivae",3,"a",0,0.223608667266778,0.0231268550919384,0.246735522358716,1
"422","ivae",3,"d",0,0.0685494656788572,0.0007794662467256,0.0693289319255828,1
"423","ivae",3,"theta",0,0.531444792448957,0.0644568352364756,0.595901627685433,1
"424","ivae",3,"a",0,0.0737468811216727,0.00219964865468826,0.075946529776361,5
"425","ivae",3,"d",0,0.0462776489574913,8.53156326861004e-05,0.0463629645901774,5
"426","ivae",3,"theta",0,0.390083772268656,0.0201992819535923,0.410283054222249,5
"427","ivae",3,"a",0,0.025828442129836,0.00014523522613285,0.0259736773559688,25
"428","ivae",3,"d",0,0.0340948072733796,0.000116112659259139,0.0342109199326387,25
"429","ivae",3,"theta",0,0.336743202974035,0.00849545832378475,0.34523866129782,25
"430","ivae",10,"a",0,0.0723981719445512,0.0130257795392731,0.0854239514838242,1
"431","ivae",10,"d",0,0.16773677994702,0.000953111906158872,0.168689891853179,1
"432","ivae",10,"theta",0,0.408250522262524,0.120163225362602,0.528413747625127,1
"433","ivae",10,"a",0,0.0245272299561725,0.00209820086996402,0.0266254308261365,5
"434","ivae",10,"d",0,0.213922005088015,0.000158343280124936,0.21408034836814,5
"435","ivae",10,"theta",0,0.330112455873611,0.0291832150794092,0.35929567095302,5
"436","ivae",10,"a",0,0.0170302940022619,0.000154693683841143,0.0171849876861031,25
"437","ivae",10,"d",0,0.218689351704852,5.00121833164931e-05,0.218739363888168,25
"438","ivae",10,"theta",0,0.319527744392853,0.0131867746249858,0.332714519017839,25
"439","ivae",3,"a",0.08333333,0.254021771224951,0.0224569921199803,0.276478763344931,1
"440","ivae",3,"d",0.08333333,0.0712050231867184,0.000653360708667658,0.0718583838953861,1
"441","ivae",3,"theta",0.08333333,0.561561282775911,0.0675157101445774,0.629076992920489,1
"442","ivae",3,"a",0.08333333,0.0780945525424313,0.00221924258910601,0.0803137951315373,5
"443","ivae",3,"d",0.08333333,0.0457105138747915,6.79307472092754e-05,0.0457784446220008,5
"444","ivae",3,"theta",0.08333333,0.421196993401583,0.020589203744204,0.441786197145787,5
"445","ivae",3,"a",0.08333333,0.0264159394931224,0.000521579937131848,0.0269375194302543,25
"446","ivae",3,"d",0.08333333,0.0342315945937685,0.000158653499424867,0.0343902480931934,25
"447","ivae",3,"theta",0.08333333,0.36164843210489,0.00933075761138978,0.37097918971628,25
"448","ivae",10,"a",0.08333333,0.0837325715840722,0.0151090952774607,0.0988416668615329,1
"449","ivae",10,"d",0.08333333,0.159211923650525,0.000962254586350233,0.160174178236876,1
"450","ivae",10,"theta",0.08333333,0.425704586133568,0.133268088332671,0.558972674466239,1
"451","ivae",10,"a",0.08333333,0.0279433746289234,0.0035823298376017,0.031525704466525,5
"452","ivae",10,"d",0.08333333,0.205559958710193,0.000234522134029787,0.205794480844222,5
"453","ivae",10,"theta",0.08333333,0.348626044988754,0.0373273126114416,0.385953357600196,5
"454","ivae",10,"a",0.08333333,0.01795669212793,0.000350438307184582,0.0183071304351146,25
"455","ivae",10,"d",0.08333333,0.21351508189081,4.29399098103191e-05,0.21355802180062,25
"456","ivae",10,"theta",0.08333333,0.335028241378063,0.0136493763737644,0.348677617751827,25
"457","ivae",3,"a",0.16666667,0.302807399156204,0.0171618527300732,0.319969251886277,1
"458","ivae",3,"d",0.16666667,0.0819248426856566,0.000576198487691196,0.0825010411733478,1
"459","ivae",3,"theta",0.16666667,0.615444122414805,0.0560663930599833,0.671510515474789,1
"460","ivae",3,"a",0.16666667,0.0982906779237167,0.000972329241600317,0.099263007165317,5
"461","ivae",3,"d",0.16666667,0.0515818948988614,4.93402244596346e-05,0.051631235123321,5
"462","ivae",3,"theta",0.16666667,0.478816877003564,0.0159508687732809,0.494767745776844,5
"463","ivae",3,"a",0.16666667,0.0301143729613021,0.000322935781654586,0.0304373087429567,25
"464","ivae",3,"d",0.16666667,0.0400211122996443,0.000126624884102829,0.0401477371837472,25
"465","ivae",3,"theta",0.16666667,0.381369653055022,0.00983404514255243,0.391203698197574,25
"466","ivae",10,"a",0.16666667,0.103475996173237,0.0155642713281618,0.119040267501399,1
"467","ivae",10,"d",0.16666667,0.148669825913239,0.000618585102737401,0.149288411015976,1
"468","ivae",10,"theta",0.16666667,0.459424504806523,0.14346158851756,0.602886093324083,1
"469","ivae",10,"a",0.16666667,0.0298903756308836,0.00351119767132699,0.0334015733022106,5
"470","ivae",10,"d",0.16666667,0.193927882729793,0.000240504555334137,0.194168387285127,5
"471","ivae",10,"theta",0.16666667,0.365955934072441,0.036364431339903,0.402320365412344,5
"472","ivae",10,"a",0.16666667,0.01828714086529,0.000236850064721247,0.0185239909300112,25
"473","ivae",10,"d",0.16666667,0.205270264050922,4.5136742217047e-05,0.205315400793139,25
"474","ivae",10,"theta",0.16666667,0.349970877893014,0.0138166407169217,0.363787518609936,25
"475","ivae",3,"a",0.25,0.39942909646373,0.0175924163309241,0.417021512794655,1
"476","ivae",3,"d",0.25,0.0948897940047481,0.000330270845914881,0.095220064850663,1
"477","ivae",3,"theta",0.25,0.698273342417169,0.05743642652057,0.755709768937739,1
"478","ivae",3,"a",0.25,0.111646280566182,0.00127468406468041,0.112920964630862,5
"479","ivae",3,"d",0.25,0.0577799274987241,7.67829642287061e-05,0.0578567104629528,5
"480","ivae",3,"theta",0.25,0.512538063124184,0.01512580042714,0.527663863551324,5
"481","ivae",3,"a",0.25,0.0367890774348066,0.00135004127915649,0.0381391187139631,25
"482","ivae",3,"d",0.25,0.0457317325035973,0.000142681028904177,0.0458744135325015,25
"483","ivae",3,"theta",0.25,0.409400847287748,0.0122848089714822,0.42168565625923,25
"484","ivae",10,"a",0.25,0.145365672393338,0.0169072657348633,0.162272938128201,1
"485","ivae",10,"d",0.25,0.142945076760908,0.000469972761094208,0.143415049522002,1
"486","ivae",10,"theta",0.25,0.53364711493857,0.157777988403846,0.691425103342415,1
"487","ivae",10,"a",0.25,0.035345878524323,0.00405521749448658,0.0394010960188096,5
"488","ivae",10,"d",0.25,0.178284537013721,0.00023990687338182,0.178524443887103,5
"489","ivae",10,"theta",0.25,0.395616599000941,0.038220267258933,0.433836866259874,5
"490","ivae",10,"a",0.25,0.0201570988882971,0.000736808614624424,0.0208939075029215,25
"491","ivae",10,"d",0.25,0.190665954378464,5.79688156257682e-05,0.19072392319409,25
"492","ivae",10,"theta",0.25,0.369763024775199,0.0161344858635039,0.385897510638703,25
"493","ivae",3,"a",0.33333333,0.503827390063524,0.0146370123383731,0.518464402401897,1
"494","ivae",3,"d",0.33333333,0.100902661407984,0.000153989980625503,0.10105665138861,1
"495","ivae",3,"theta",0.33333333,0.807691881903473,0.0549418629191204,0.862633744822594,1
"496","ivae",3,"a",0.33333333,0.121408074680933,0.00329000567299593,0.124698080353929,5
"497","ivae",3,"d",0.33333333,0.0625871060652524,9.16276133906976e-05,0.0626787336786431,5
"498","ivae",3,"theta",0.33333333,0.540735137540326,0.0192861898662179,0.560021327406544,5
"499","ivae",3,"a",0.33333333,0.0484561297930315,0.00256821105564834,0.0510243408486798,25
"500","ivae",3,"d",0.33333333,0.0509328240066148,0.00012968956894968,0.0510625135755645,25
"501","ivae",3,"theta",0.33333333,0.443945682474432,0.0166577271258884,0.460603409600321,25
"502","ivae",10,"a",0.33333333,0.208871421009949,0.0107689238992362,0.219640344909185,1
"503","ivae",10,"d",0.33333333,0.149272636272857,0.000249966612951337,0.149522602885808,1
"504","ivae",10,"theta",0.33333333,0.6616074974081,0.129393157861423,0.791000655269523,1
"505","ivae",10,"a",0.33333333,0.0408422170197541,0.0066331106492307,0.0474753276689848,5
"506","ivae",10,"d",0.33333333,0.168214162461417,0.000370846349700729,0.168585008811118,5
"507","ivae",10,"theta",0.33333333,0.415392579884382,0.0480312711086811,0.463423850993063,5
"508","ivae",10,"a",0.33333333,0.0214122228678314,0.000753351531366262,0.0221655743991977,25
"509","ivae",10,"d",0.33333333,0.182788545081046,7.90854805062132e-05,0.182867630561552,25
"510","ivae",10,"theta",0.33333333,0.389266657477856,0.0163284344340754,0.405595091911931,25
"511","ivae",3,"a",0.41666667,0.603064246489355,0.00171331803850788,0.604777564527863,1
"512","ivae",3,"d",0.41666667,0.10208371628189,1.76858014737186e-06,0.102085484862037,1
"513","ivae",3,"theta",0.41666667,0.937306898685506,0.00945662305350172,0.946763521739008,1
"514","ivae",3,"a",0.41666667,0.145723120148699,0.00381707679429407,0.149540196942993,5
"515","ivae",3,"d",0.41666667,0.0670319968428447,0.00012860827001399,0.0671606051128587,5
"516","ivae",3,"theta",0.41666667,0.579973755285146,0.0199317128828289,0.599905468167975,5
"517","ivae",3,"a",0.41666667,0.079003709751608,0.00160716851685902,0.080610878268467,25
"518","ivae",3,"d",0.41666667,0.0557579476215371,3.73157943454125e-05,0.0557952634158825,25
"519","ivae",3,"theta",0.41666667,0.510920776959575,0.0163858225588697,0.527306599518444,25
"520","ivae",10,"a",0.41666667,0.262526791799595,0.00501821811036011,0.267545009909955,1
"521","ivae",10,"d",0.41666667,0.153153609599816,7.32731970791449e-05,0.153226882796896,1
"522","ivae",10,"theta",0.41666667,0.811876767276904,0.07238230048161,0.884259067758514,1
"523","ivae",10,"a",0.41666667,0.0490459783370829,0.00680042082893902,0.0558463991660219,5
"524","ivae",10,"d",0.41666667,0.156523605646407,0.000260257810832199,0.156783863457239,5
"525","ivae",10,"theta",0.41666667,0.449590616431794,0.0514166597291275,0.501007276160921,5
"526","ivae",10,"a",0.41666667,0.0241915122025675,0.00156830703072765,0.0257598192332952,25
"527","ivae",10,"d",0.41666667,0.172499124349847,9.08706837738081e-05,0.17258999503362,25
"528","ivae",10,"theta",0.41666667,0.416243197409329,0.0188391376703532,0.435082335079682,25
"529","ivae",3,"a",0.5,0.619781131028086,0.000779247371500928,0.620560378399586,1
"530","ivae",3,"d",0.5,0.109029872653641,5.59719214962732e-07,0.109030432372856,1
"531","ivae",3,"theta",0.5,0.970774088287529,0.00383664519461115,0.97461073348214,1
"532","ivae",3,"a",0.5,0.176212351807002,0.00666696169908226,0.182879313506084,5
"533","ivae",3,"d",0.5,0.0805911946148259,0.000154489764538798,0.0807456843793647,5
"534","ivae",3,"theta",0.5,0.619844650577522,0.0252508249940473,0.64509547557157,5
"535","ivae",3,"a",0.5,0.0903704902656501,0.00147967689406467,0.0918501671597148,25
"536","ivae",3,"d",0.5,0.0652410932002832,2.97557160989091e-05,0.0652708489163821,25
"537","ivae",3,"theta",0.5,0.558877767703141,0.0164350515320664,0.575312819235207,25
"538","ivae",10,"a",0.5,0.302149521031942,0.000490418667006635,0.302639939698948,1
"539","ivae",10,"d",0.5,0.155331609224745,2.72021544029137e-06,0.155334329440186,1
"540","ivae",10,"theta",0.5,0.965352491929854,0.00898674500678569,0.97433923693664,1
"541","ivae",10,"a",0.5,0.0630457543150176,0.00729087769836332,0.0703366320133809,5
"542","ivae",10,"d",0.5,0.145612241997884,0.000214812758184091,0.145827054756068,5
"543","ivae",10,"theta",0.5,0.492404388485243,0.050086059237047,0.54249044772229,5
"544","ivae",10,"a",0.5,0.0295537280057223,0.00255822092539911,0.0321119489311214,25
"545","ivae",10,"d",0.5,0.161422987537856,0.000171765441876647,0.161594752979733,25
"546","ivae",10,"theta",0.5,0.450170949053158,0.0221968659474567,0.472367815000615,25
"547","ivae",3,"a",0.58333333,0.630778505451361,0.000637080271843192,0.631415585723204,1
"548","ivae",3,"d",0.58333333,0.105028762449803,4.51668430097026e-07,0.105029214118233,1
"549","ivae",3,"theta",0.58333333,0.987499759259484,0.00299864460976153,0.990498403869246,1
"550","ivae",3,"a",0.58333333,0.241156787999177,0.0105521148864881,0.251708902885665,5
"551","ivae",3,"d",0.58333333,0.0853733104015453,0.000217743107005873,0.0855910535085511,5
"552","ivae",3,"theta",0.58333333,0.690577656080917,0.0304209151632948,0.720998571244212,5
"553","ivae",3,"a",0.58333333,0.106526164412935,0.0013236960717741,0.107849860484709,25
"554","ivae",3,"d",0.58333333,0.0654096622461098,5.32688614784314e-05,0.0654629311075883,25
"555","ivae",3,"theta",0.58333333,0.616094121393398,0.0156104220276484,0.631704543421047,25
"556","ivae",10,"a",0.58333333,0.308315487696395,0.000249605753283246,0.308565093449678,1
"557","ivae",10,"d",0.58333333,0.159024750692751,6.05266349469754e-07,0.1590253559591,1
"558","ivae",10,"theta",0.58333333,0.988821903381542,0.00430257219505397,0.993124475576596,1
"559","ivae",10,"a",0.58333333,0.0842693403625308,0.00786730462679959,0.0921366449893304,5
"560","ivae",10,"d",0.58333333,0.142244194951903,0.000148933701373615,0.142393128653276,5
"561","ivae",10,"theta",0.58333333,0.545247634530107,0.0522666386002033,0.597514273130311,5
"562","ivae",10,"a",0.58333333,0.0351697620995585,0.00267788706405864,0.0378476491636171,25
"563","ivae",10,"d",0.58333333,0.150496496781324,0.000172463646834022,0.150668960428158,25
"564","ivae",10,"theta",0.58333333,0.488451565324511,0.0227029386865621,0.511154504011073,25
"565","ivae",3,"a",0.66666667,0.633192937515528,0.000683485290449884,0.633876422805978,1
"566","ivae",3,"d",0.66666667,0.113470677157505,6.23409849763523e-07,0.113471300567354,1
"567","ivae",3,"theta",0.66666667,0.992320015293743,0.0022023798017477,0.99452239509549,1
"568","ivae",3,"a",0.66666667,0.371171800392618,0.0125154423408889,0.383687242733507,5
"569","ivae",3,"d",0.66666667,0.104876784686551,0.000130622711332415,0.105007407397884,5
"570","ivae",3,"theta",0.66666667,0.786183451574344,0.0346819396568498,0.820865391231194,5
"571","ivae",3,"a",0.66666667,0.141495748775542,0.00160435050645922,0.143100099282001,25
"572","ivae",3,"d",0.66666667,0.078412694303064,5.51623067998329e-05,0.0784678566098639,25
"573","ivae",3,"theta",0.66666667,0.674167185476222,0.0166683375316788,0.6908355230079,25
"574","ivae",10,"a",0.66666667,0.30942215885761,0.00026739635213624,0.309689555209747,1
"575","ivae",10,"d",0.66666667,0.166160737000542,7.41791004397465e-07,0.166161478791547,1
"576","ivae",10,"theta",0.66666667,0.994364962281811,0.00404905694044055,0.998414019222251,1
"577","ivae",10,"a",0.66666667,0.118212665876912,0.0080728735466593,0.126285539423571,5
"578","ivae",10,"d",0.66666667,0.149904402061782,9.84845806815991e-05,0.150002886642463,5
"579","ivae",10,"theta",0.66666667,0.616160394098389,0.0531182490865163,0.669278643184906,5
"580","ivae",10,"a",0.66666667,0.0478233220956352,0.00386288319382646,0.0516862052894616,25
"581","ivae",10,"d",0.66666667,0.146674924750317,0.000122809638327625,0.146797734388644,25
"582","ivae",10,"theta",0.66666667,0.545264617683069,0.0255960245182118,0.570860642201281,25
"583","ivae",3,"a",0.75,0.637138790758596,0.000734533041259853,0.637873323799856,1
"584","ivae",3,"d",0.75,0.120822933593528,7.96387307532883e-07,0.120823729980836,1
"585","ivae",3,"theta",0.75,0.995997646258766,0.00237876500847887,0.998376411267245,1
"586","ivae",3,"a",0.75,0.474768429998104,0.00647950057623427,0.481247930574339,5
"587","ivae",3,"d",0.75,0.11859747713695,2.18120765950679e-05,0.118619289213545,5
"588","ivae",3,"theta",0.75,0.873811147505116,0.0274483837665498,0.901259531271666,5
"589","ivae",3,"a",0.75,0.175440500673882,0.00403380229543451,0.179474302969316,25
"590","ivae",3,"d",0.75,0.0980426063356558,6.20519256443829e-05,0.0981046582613002,25
"591","ivae",3,"theta",0.75,0.738946603050724,0.0195949517100404,0.758541554760765,25
"592","ivae",10,"a",0.75,0.310071598109148,0.000311821744296637,0.310383419853444,1
"593","ivae",10,"d",0.75,0.171277269706928,1.08249386274813e-06,0.171278352200791,1
"594","ivae",10,"theta",0.75,0.995774599691306,0.00374005785225529,0.999514657543561,1
"595","ivae",10,"a",0.75,0.1923179114583,0.00524315075236845,0.197561062210669,5
"596","ivae",10,"d",0.75,0.165642808856101,4.78910352013771e-05,0.165690699891302,5
"597","ivae",10,"theta",0.75,0.752787195468901,0.0408708895949571,0.793658085063858,5
"598","ivae",10,"a",0.75,0.0710873748961761,0.00682425997235616,0.0779116348685322,25
"599","ivae",10,"d",0.75,0.150329488529144,8.69926999404544e-05,0.150416481229084,25
"600","ivae",10,"theta",0.75,0.615992283537641,0.0335448888046306,0.649537172342271,25
"601","idvae",3,"a",0,0.205883964169485,0.0128784317172311,0.218762395886716,1
"602","idvae",3,"d",0,0.06517144939986,0.000420124159270135,0.0655915735591302,1
"603","idvae",3,"theta",0,0.52391966467091,0.0456308780823728,0.569550542753282,1
"604","idvae",3,"a",0,0.0730456892723253,0.0023910376087095,0.0754367268810348,5
"605","idvae",3,"d",0,0.0461632475690472,8.45207624923172e-05,0.0462477683315396,5
"606","idvae",3,"theta",0,0.390344282622239,0.0211465668547069,0.411490849476946,5
"607","idvae",3,"a",0,0.0257786031822117,0.000104759218401206,0.0258833624006129,25
"608","idvae",3,"d",0,0.0339438460960665,0.000113457036478546,0.034057303132545,25
"609","idvae",3,"theta",0,0.336843502071714,0.00841461518133974,0.345258117253054,25
"610","idvae",10,"a",0,0.0711160221174359,0.0140935230946545,0.0852095452120905,1
"611","idvae",10,"d",0,0.170723361911739,0.00101108706845189,0.171734448980191,1
"612","idvae",10,"theta",0,0.39915225494953,0.123748461932163,0.522900716881694,1
"613","idvae",10,"a",0,0.024324008481163,0.00182270923272575,0.0261467177138887,5
"614","idvae",10,"d",0,0.214052924336561,0.000122233197083848,0.214175157533645,5
"615","idvae",10,"theta",0,0.328840129933962,0.0277721559610561,0.356612285895018,5
"616","idvae",10,"a",0,0.0170358380447201,0.000253025912574317,0.0172888639572945,25
"617","idvae",10,"d",0,0.219351102776288,4.13543376221869e-05,0.21939245711391,25
"618","idvae",10,"theta",0,0.319400455864533,0.0132650900380951,0.332665545902629,25
"619","idvae",3,"a",0.08333333,0.27148556325454,0.0237453128718716,0.295230876126412,1
"620","idvae",3,"d",0.08333333,0.0725135782197971,0.000879963274262165,0.0733935414940593,1
"621","idvae",3,"theta",0.08333333,0.577447080557844,0.0725915973639099,0.650038677921754,1
"622","idvae",3,"a",0.08333333,0.0829615802327021,0.00159262081328056,0.0845542010459826,5
"623","idvae",3,"d",0.08333333,0.0462032588317954,4.89303015665168e-05,0.0462521891333619,5
"624","idvae",3,"theta",0.08333333,0.430264358745515,0.0184456272379056,0.448709985983421,5
"625","idvae",3,"a",0.08333333,0.0261685731997591,0.000289426321643166,0.0264579995214023,25
"626","idvae",3,"d",0.08333333,0.0340676074683377,0.000129478727945533,0.0341970861962832,25
"627","idvae",3,"theta",0.08333333,0.361919809259443,0.0091554370608334,0.371075246320276,25
"628","idvae",10,"a",0.08333333,0.091420504137502,0.0160844842413873,0.107504988378889,1
"629","idvae",10,"d",0.08333333,0.159189005386832,0.000995849070429075,0.160184854457261,1
"630","idvae",10,"theta",0.08333333,0.452516279491607,0.141663078112001,0.594179357603608,1
"631","idvae",10,"a",0.08333333,0.0283144694153555,0.00295968415230492,0.0312741535676604,5
"632","idvae",10,"d",0.08333333,0.206359168957276,0.000185044257604316,0.20654421321488,5
"633","idvae",10,"theta",0.08333333,0.354109519944355,0.0334968878467821,0.387606407791137,5
"634","idvae",10,"a",0.08333333,0.0185857601048091,0.000693443931233561,0.0192792040360427,25
"635","idvae",10,"d",0.08333333,0.213774704725385,5.9814818327094e-05,0.213834519543712,25
"636","idvae",10,"theta",0.08333333,0.336478518079043,0.0161249766069645,0.352603494686007,25
"637","idvae",3,"a",0.16666667,0.330106822033261,0.0233382343706528,0.353445056403914,1
"638","idvae",3,"d",0.16666667,0.082216652702358,0.00071879585025226,0.0829354485526103,1
"639","idvae",3,"theta",0.16666667,0.653993172023721,0.0676319850731921,0.721625157096913,1
"640","idvae",3,"a",0.16666667,0.10220433765999,0.00116863411958627,0.103372971779577,5
"641","idvae",3,"d",0.16666667,0.0521648557590616,5.63829390541891e-05,0.0522212386981158,5
"642","idvae",3,"theta",0.16666667,0.486608014498009,0.01626857543465,0.502876589932659,5
"643","idvae",3,"a",0.16666667,0.0304325753845733,0.00048901225746268,0.030921587642036,25
"644","idvae",3,"d",0.16666667,0.039926133742389,0.000124692570323383,0.0400508263127124,25
"645","idvae",3,"theta",0.16666667,0.381994552902477,0.0103338900620936,0.39232844296457,25
"646","idvae",10,"a",0.16666667,0.103981064820892,0.013460216117109,0.117441280938001,1
"647","idvae",10,"d",0.16666667,0.151161423062054,0.00066241852582024,0.151823841587874,1
"648","idvae",10,"theta",0.16666667,0.489844672318541,0.122440348930614,0.612285021249155,1
"649","idvae",10,"a",0.16666667,0.0326134326687092,0.00337607774139345,0.0359895104101026,5
"650","idvae",10,"d",0.16666667,0.195331579422548,0.000234359207393127,0.195565938629942,5
"651","idvae",10,"theta",0.16666667,0.377651670417533,0.0356295555986939,0.413281226016227,5
"652","idvae",10,"a",0.16666667,0.019014692397979,0.00023399177778578,0.0192486841757648,25
"653","idvae",10,"d",0.16666667,0.206209816318672,4.63971310052205e-05,0.206256213449677,25
"654","idvae",10,"theta",0.16666667,0.352279650287606,0.0147557055613684,0.367035355848975,25
"655","idvae",3,"a",0.25,0.396722359945906,0.0150037905953623,0.411726150541268,1
"656","idvae",3,"d",0.25,0.0945057883542393,0.000360054027963275,0.0948658423822025,1
"657","idvae",3,"theta",0.25,0.705663916970425,0.0516206599873417,0.757284576957766,1
"658","idvae",3,"a",0.25,0.113355905834136,0.001221173745076,0.114577079579212,5
"659","idvae",3,"d",0.25,0.0579959858819813,9.07435358874465e-05,0.0580867294178687,5
"660","idvae",3,"theta",0.25,0.514484350908747,0.0155441285434659,0.530028479452212,5
"661","idvae",3,"a",0.25,0.0375138825574792,0.00194776517338364,0.0394616477308628,25
"662","idvae",3,"d",0.25,0.0456453750839351,0.000151854762489785,0.0457972298464249,25
"663","idvae",3,"theta",0.25,0.410298782805255,0.01387445427111,0.424173237076364,25
"664","idvae",10,"a",0.25,0.140853895011252,0.0140721900253946,0.154926085036646,1
"665","idvae",10,"d",0.25,0.142116719278062,0.000486434767095427,0.142603154045158,1
"666","idvae",10,"theta",0.25,0.546629544620979,0.133488073142882,0.680117617763861,1
"667","idvae",10,"a",0.25,0.0392749503121331,0.0052614945484551,0.0445364448605882,5
"668","idvae",10,"d",0.25,0.17955354498022,0.000245955667959162,0.179799500648179,5
"669","idvae",10,"theta",0.25,0.406636485362117,0.0449734409366822,0.451609926298799,5
"670","idvae",10,"a",0.25,0.0212442747553595,0.000376316733674001,0.0216205914890335,25
"671","idvae",10,"d",0.25,0.19109345765088,5.64728681011085e-05,0.191149930518981,25
"672","idvae",10,"theta",0.25,0.372049110336565,0.0149670830532256,0.38701619338979,25
"673","idvae",3,"a",0.33333333,0.482600494801663,0.0125419154918494,0.495142410293513,1
"674","idvae",3,"d",0.33333333,0.0998022114679182,0.000274767710640338,0.100076979178559,1
"675","idvae",3,"theta",0.33333333,0.791878784015352,0.043652986380274,0.835531770395625,1
"676","idvae",3,"a",0.33333333,0.125842257167969,0.00237087567120344,0.128213132839173,5
"677","idvae",3,"d",0.33333333,0.0627690257280468,0.00011627298651612,0.0628852987145629,5
"678","idvae",3,"theta",0.33333333,0.545139627290771,0.0163211289058225,0.561460756196593,5
"679","idvae",3,"a",0.33333333,0.0489967043420391,0.00201696084701378,0.0510136651890529,25
"680","idvae",3,"d",0.33333333,0.0512260770538604,0.000115144957484873,0.0513412220113453,25
"681","idvae",3,"theta",0.33333333,0.443914969163508,0.0153589523222582,0.459273921485767,25
"682","idvae",10,"a",0.33333333,0.178348268812587,0.0119326353017516,0.190280904114339,1
"683","idvae",10,"d",0.33333333,0.144018496066888,0.000464360159421706,0.14448285622631,1
"684","idvae",10,"theta",0.33333333,0.608333175515417,0.12904330095099,0.737376476466407,1
"685","idvae",10,"a",0.33333333,0.0435793909848858,0.00494254838063296,0.0485219393655187,5
"686","idvae",10,"d",0.33333333,0.169383073155694,0.000265163484171821,0.169648236639865,5
"687","idvae",10,"theta",0.33333333,0.429451064311025,0.0429765306891,0.472427595000125,5
"688","idvae",10,"a",0.33333333,0.0226271637223722,0.000550383274043727,0.023177546996416,25
"689","idvae",10,"d",0.33333333,0.184661220349033,5.09868299746767e-05,0.184712207179007,25
"690","idvae",10,"theta",0.33333333,0.3936709995747,0.0158537241893446,0.409524723764045,25
"691","idvae",3,"a",0.41666667,0.578360314028838,0.00368319781451356,0.582043511843352,1
"692","idvae",3,"d",0.41666667,0.101562289487028,2.70595288108715e-05,0.101589349015839,1
"693","idvae",3,"theta",0.41666667,0.909433044930367,0.0184779284329056,0.927910973363273,1
"694","idvae",3,"a",0.41666667,0.152000940434646,0.00693615760492122,0.158937098039567,5
"695","idvae",3,"d",0.41666667,0.0672752038908428,0.000281289000191014,0.0675564928910338,5
"696","idvae",3,"theta",0.41666667,0.581771777859283,0.0225946050284401,0.604366382887723,5
"697","idvae",3,"a",0.41666667,0.0706084093614518,0.00173310302872643,0.0723415123901782,25
"698","idvae",3,"d",0.41666667,0.0549794072700895,4.64140364288758e-05,0.0550258213065184,25
"699","idvae",3,"theta",0.41666667,0.498838758972556,0.016231029254073,0.515069788226629,25
"700","idvae",10,"a",0.41666667,0.229157491098426,0.00763419447791918,0.236791685576345,1
"701","idvae",10,"d",0.41666667,0.147050807954517,0.000371396502997738,0.147422204457514,1
"702","idvae",10,"theta",0.41666667,0.723481915886799,0.0969816917732284,0.820463607660027,1
"703","idvae",10,"a",0.41666667,0.0507435418238063,0.00678505328304242,0.0575285951068487,5
"704","idvae",10,"d",0.41666667,0.157744377255053,0.000336766615904278,0.158081143870957,5
"705","idvae",10,"theta",0.41666667,0.457883823990156,0.0479110312802213,0.505794855270377,5
"706","idvae",10,"a",0.41666667,0.0249508986834957,0.00115403557917414,0.0261049342626699,25
"707","idvae",10,"d",0.41666667,0.173444734023642,7.50785568140418e-05,0.173519812580456,25
"708","idvae",10,"theta",0.41666667,0.418678380713319,0.0178828413652273,0.436561222078546,25
"709","idvae",3,"a",0.5,0.610035321659012,0.0013991204417367,0.611434442100749,1
"710","idvae",3,"d",0.5,0.108934148092079,2.78304330090761e-06,0.10893693113538,1
"711","idvae",3,"theta",0.5,0.958049539421133,0.00749199070379423,0.965541530124927,1
"712","idvae",3,"a",0.5,0.177431472372163,0.00812146125759638,0.185552933629759,5
"713","idvae",3,"d",0.5,0.0791388731302935,0.000139836089703118,0.0792787092199966,5
"714","idvae",3,"theta",0.5,0.625269383987145,0.0275744257243845,0.65284380971153,5
"715","idvae",3,"a",0.5,0.0844533732650319,0.00178846351415208,0.086241836779184,25
"716","idvae",3,"d",0.5,0.0647282374132951,4.75203514154795e-05,0.0647757577647106,25
"717","idvae",3,"theta",0.5,0.550981620663391,0.0166897616424973,0.567671382305889,25
"718","idvae",10,"a",0.5,0.282396519533136,0.0022503413733143,0.28464686090645,1
"719","idvae",10,"d",0.5,0.153111762517206,6.5021322023593e-05,0.15317678383923,1
"720","idvae",10,"theta",0.5,0.889863407995922,0.0338542841501472,0.923717692146069,1
"721","idvae",10,"a",0.5,0.0637649051882385,0.00700434610178975,0.0707692512900283,5
"722","idvae",10,"d",0.5,0.147135907155454,0.000247909853556907,0.147383817009011,5
"723","idvae",10,"theta",0.5,0.500719979100292,0.0487551536892475,0.549475132789539,5
"724","idvae",10,"a",0.5,0.0295400384780424,0.00197231646406374,0.0315123549421061,25
"725","idvae",10,"d",0.5,0.16287723760997,0.000106583304197634,0.162983820914168,25
"726","idvae",10,"theta",0.5,0.453066905135124,0.0201587031206472,0.473225608255771,25
"727","idvae",3,"a",0.58333333,0.628943706100099,0.00070858934203805,0.629652295442137,1
"728","idvae",3,"d",0.58333333,0.105005322815641,7.67715417330464e-07,0.105006090531059,1
"729","idvae",3,"theta",0.58333333,0.984105277212017,0.00283757478661562,0.986942851998633,1
"730","idvae",3,"a",0.58333333,0.229141331025106,0.00997924071804956,0.239120571743155,5
"731","idvae",3,"d",0.58333333,0.0829655946983841,0.000194135235580403,0.0831597299339645,5
"732","idvae",3,"theta",0.58333333,0.687147347135104,0.0292300354418723,0.716377382576976,5
"733","idvae",3,"a",0.58333333,0.103409498836946,0.00136879279889641,0.104778291635842,25
"734","idvae",3,"d",0.58333333,0.064688565391651,4.00060358534052e-05,0.0647285714275044,25
"735","idvae",3,"theta",0.58333333,0.613718972890303,0.0158392369793108,0.629558209869613,25
"736","idvae",10,"a",0.58333333,0.302530396287046,0.000555065333985032,0.303085461621031,1
"737","idvae",10,"d",0.58333333,0.158502997561913,5.95446695862121e-06,0.158508952028872,1
"738","idvae",10,"theta",0.58333333,0.96723576234312,0.00718177544900157,0.974417537792121,1
"739","idvae",10,"a",0.58333333,0.0773890385414572,0.00698379803979752,0.0843728365812547,5
"740","idvae",10,"d",0.58333333,0.140023454067753,0.000155984373139462,0.140179438440893,5
"741","idvae",10,"theta",0.58333333,0.539738691162669,0.0470968977653767,0.586835588928046,5
"742","idvae",10,"a",0.58333333,0.0347447402626507,0.00402687043087345,0.0387716106935242,25
"743","idvae",10,"d",0.58333333,0.151784645737653,0.000179463571205287,0.151964109308858,25
"744","idvae",10,"theta",0.58333333,0.488247233368298,0.0263265693344323,0.51457380270273,25
"745","idvae",3,"a",0.66666667,0.635418450789324,0.000632771441271077,0.636051222230595,1
"746","idvae",3,"d",0.66666667,0.113457333645498,6.14292072382647e-07,0.113457947937571,1
"747","idvae",3,"theta",0.66666667,0.992982907953991,0.00226722062661295,0.995250128580604,1
"748","idvae",3,"a",0.66666667,0.345765014785735,0.00985874408099401,0.355623758866729,5
"749","idvae",3,"d",0.66666667,0.103103064316685,0.000158785745129602,0.103261850061814,5
"750","idvae",3,"theta",0.66666667,0.77428321664432,0.0297690154236806,0.804052232068,5
"751","idvae",3,"a",0.66666667,0.140620610195851,0.00133011490045461,0.141950725096305,25
"752","idvae",3,"d",0.66666667,0.0780346765291645,6.87547457692929e-05,0.0781034312749338,25
"753","idvae",3,"theta",0.66666667,0.67379743808907,0.0161975531339382,0.689994991223008,25
"754","idvae",10,"a",0.66666667,0.308615780185537,0.000268043401153247,0.30888382358669,1
"755","idvae",10,"d",0.66666667,0.166139329415585,8.24210087596459e-07,0.166140153625673,1
"756","idvae",10,"theta",0.66666667,0.991099594737689,0.00262184461631628,0.993721439354006,1
"757","idvae",10,"a",0.66666667,0.107434702976132,0.00895449189066537,0.116389194866797,5
"758","idvae",10,"d",0.66666667,0.147312155295985,0.000146675156420862,0.147458830452406,5
"759","idvae",10,"theta",0.66666667,0.606263541421523,0.0534422139368245,0.659705755358347,5
"760","idvae",10,"a",0.66666667,0.0430093701402112,0.0042556290394574,0.0472649991796686,25
"761","idvae",10,"d",0.66666667,0.14745566707147,0.000115482685258684,0.147571149756729,25
"762","idvae",10,"theta",0.66666667,0.541475100561635,0.0262329038422607,0.567708004403896,25
"763","idvae",3,"a",0.75,0.638147323102105,0.000742405076577009,0.638889728178682,1
"764","idvae",3,"d",0.75,0.120842884393418,6.71948017506877e-07,0.120843556341435,1
"765","idvae",3,"theta",0.75,0.994751333468918,0.00206315181551724,0.996814485284435,1
"766","idvae",3,"a",0.75,0.463967188365653,0.00699938487388261,0.470966573239536,5
"767","idvae",3,"d",0.75,0.118409971363966,3.27031519181389e-05,0.118442674515884,5
"768","idvae",3,"theta",0.75,0.863599434023202,0.0279465137305362,0.891545947753739,5
"769","idvae",3,"a",0.75,0.187610107092644,0.00735688501464366,0.194966992107287,25
"770","idvae",3,"d",0.75,0.0991891395868338,0.000126125166864802,0.0993152647536986,25
"771","idvae",3,"theta",0.75,0.74429335239507,0.0225413909375291,0.766834743332599,25
"772","idvae",10,"a",0.75,0.309784113638581,0.000308734325753544,0.310092847964335,1
"773","idvae",10,"d",0.75,0.171307037213556,1.09552010577683e-06,0.171308132733661,1
"774","idvae",10,"theta",0.75,0.995049464076899,0.00227871532038219,0.997328179397281,1
"775","idvae",10,"a",0.75,0.164540146485147,0.0073946464312697,0.171934792916417,5
"776","idvae",10,"d",0.75,0.161575341716234,9.03128461183767e-05,0.161665654562352,5
"777","idvae",10,"theta",0.75,0.71067562725154,0.0483447374938797,0.759020364745419,5
"778","idvae",10,"a",0.75,0.0593714119746781,0.0057680683309371,0.0651394803056152,25
"779","idvae",10,"d",0.75,0.149065546688974,8.66496030479126e-05,0.149152196292022,25
"780","idvae",10,"theta",0.75,0.607997700514706,0.0294091317519677,0.637406832266673,25
